goal_latitude,goal_longitude
36.112476666666666,140.098945
36.112478333333335,140.09895
36.112476666666666,140.09896
36.112478333333335,140.09896333333333
36.112476666666666,140.098965
36.112475,140.09896833333335
36.112473333333334,140.09897
36.112471666666664,140.09897166666667
36.11247,140.09896666666666
36.11246833333333,140.098965
