goal_latitude,goal_longitude
36.11244333333333,140.09886833333334
36.11244166666667,140.09887
36.11244333333333,140.09887166666667
36.11244166666667,140.09888833333332
36.11243833333333,140.09889166666667
36.11244,140.09889333333334
36.11243833333333,140.09889666666666
36.11243666666667,140.09889833333332
36.11243833333333,140.098905
36.11243666666667,140.098905
