goal_latitude,goal_longitude
36.112431666666666,140.09886166666666
36.11243,140.09886
36.112428333333334,140.09886166666666
36.112426666666664,140.09886
36.112428333333334,140.098865
36.11243,140.09886666666668
36.112431666666666,140.09886833333334
36.112433333333335,140.09887
36.112435,140.09887333333333
36.11243666666667,140.09887166666667
