goal_latitude,goal_longitude
36.11243116666667,140.09886583333332
