goal_latitude,goal_longitude
36.11182966666667,140.0986156666667
goal_latitude,goal_longitude
36.112474500000005,140.09896250000003
