goal_latitude,goal_longitude
39.84759856111112,138.1213245944444
