goal_latitude,goal_longitude
36.111626666666666,140.09844333333334