goal_latitude,goal_longitude
36.11179533333334,140.09845099999998
