goal_latitude,goal_longitude
36.11225433333333,140.09851175555545
