goal_latitude,goal_longitude
36.112394333333334,140.098873
