goal_latitude,goal_longitude
36.11220601666671,140.09862414444424
