goal_latitude,goal_longitude
36.112268661111166,140.09854078333407
