goal_latitude,goal_longitude
36.11100666666667,140.09903333333332
