goal_latitude,goal_longitude
36.112288566666585,140.09858603333373
