goal_latitude,goal_longitude
36.1122132388889,140.09855300000004
