goal_latitude,goal_longitude
36.11182966666667,140.0986156666667
goal_latitude,goal_longitude
36.112394333333334,140.098873
