goal_latitude,goal_longitude
36.112299016666675,140.09853673333373
