goal_latitude,goal_longitude
36.11173835000018,140.0986498666666
