goal_latitude,goal_longitude
36.11178016666666,140.09861783333332
