goal_latitude,goal_longitude
36.11243983333333,140.09888883333332
