goal_latitude,goal_longitude
36.111795,140.09844166666667
36.11179166666667,140.09844166666667
36.11179,140.09844166666667
36.11179166666667,140.09844666666666
36.11179333333333,140.09844833333332
36.111795,140.09845166666668
36.11179666666666,140.09845666666666
36.11179833333333,140.09846
36.1118,140.09846
36.111801666666665,140.09846166666668
