goal_latitude,goal_longitude
36.11177166666667,140.09862666666666
36.111775,140.098625
36.11177833333333,140.098625
36.111781666666666,140.09862
36.111783333333335,140.09861833333332
36.111781666666666,140.09861666666666
36.11178,140.09861833333332
36.111781666666666,140.098615
36.111783333333335,140.09861166666667
36.111785,140.09860166666667
